X,Y,OBJECTID,No,Location,Latitude,Longitude,Type,DistrictL,DistrictS,Address,Provider,ParkingNo,img
114.1907196,22.34259033,1,1,Temple Mall North,22.34259033,114.1907196,SemiQuick,Kowloon,Wong Tai Sin,"Temple Mall North Carpark, Level 3, 136 Lung Cheung Rd, Wong Tai Sin, Kln",CLP,320-322,/EV/PublishingImages/common/map/map_thumb/Entrance_Lung%20Cheung.jpg 
114.0276718,22.44207191,2,2,Fu Shing Building,22.44207191,114.0276718,SemiQuick,New Territories,Yuen Long,"Fu Shing Building Carpark, 1/F 9 Sai Ching Street, Yuen Long, NT",CLP,33-35,/EV/PublishingImages/common/map/map_thumb/Entrance_Fu%20Shing%20Building.jpg
114.1861038,22.33865738,3,3,Lok Fu Plaza Carpark,22.33865738,114.1861038,SemiQuick,Kowloon,Wong Tai Sin,"Lok Fu Plaza Carpark, G/F Wang Tau Hom, Wong Tai Sin, Kln",CLP,67-69,/EV/PublishingImages/common/map/map_thumb/Entrance_Lo%20Fu_large.jpg
114.2085266,22.32032776,4,4,MegaBox,22.32032776,114.2085266,SemiQuick,Kowloon,Kwun Tong,"MegaBox Carpark,  B/F 38 Wang Chiu Road, Kowloon Bay, Kln",CLP,139-141,/EV/PublishingImages/common/map/map_thumb/Megabox.jpg
114.2721481,22.2961540200001,5,5,LOHAS Park - the Capitol,22.29615402,114.2721481,Standard,New Territories,Sai Kung,"Carpark, G/F, The Capitol, LOHAS Park, Tseung Kwan O, NT",CLP,V14-V16,/EV/PublishingImages/common/map/map_thumb/Entrance_lohas_large.jpg
114.1401215,22.3658618900001,6,6,Shek Lei Shopping Centre II,22.36586189,114.1401215,SemiQuick,New Territories,Kwai Tsing,"Shek Lei Shopping Centre Phase II Carpark,  4/F Shek Lei Estate, Kwai Chung, NT",CLP,33-35,/EV/PublishingImages/common/map/map_thumb/Entrance_Shek%20lei%20shopping%20ctr.jpg
113.9419098,22.2882328000001,7,7,Fu Tung Shopping Centre,22.2882328,113.9419098,SemiQuick,Outlying Islands,Outlying Islands,"Fu Tung Shopping Centre Carpark,  G/F Fu Ting Estate, Tung Chung, Lantau, NT",CLP,1001-1003,/EV/PublishingImages/common/map/map_thumb/Entrance_Fu%20Tung_large.jpg
114.1275864,22.50291443,8,8,Landmark North,22.50291443,114.1275864,Standard,New Territories,North,"Landmark North Carpark, B3/F  39 Lung Sum Avenue, Sheung Shui, NT",CLP,79-81,/EV/PublishingImages/common/map/map_thumb/Entrance_Landmark%20north_large.jpg
114.1693573,22.2956161500001,9,9,Ocean Terminal,22.29561615,114.1693573,SemiQuick,Kowloon,Yau Tsim Mong,"Ocean Terminal Carpark (Harbour City), 4/F 3-27 Canton Rd, Tsimshatsui, Kln",CLP,"1250-1251, 1305",/EV/PublishingImages/common/map/map_thumb/Entrance_Ocean%20Terminal_large.jpg
114.1608353,22.45048332,10,10,Tai Wo Shopping Centre,22.45048332,114.1608353,SemiQuick,New Territories,Tai Po,"Tai Wo Shopping Centre, 1/F Carpark Tai Wo Estate, Tai Po, NT",CLP,B1-B3,/EV/PublishingImages/common/map/map_thumb/Entrance_tai%20wo_large.jpg
114.1389008,22.49228477,11,11,Fanling Town Centre,22.49228477,114.1389008,SemiQuick,New Territories,North,"Fanling Town Centre Carpark, B/F 18 Fanling Station Road, Fanling, NT",CLP,22-24,/EV/PublishingImages/common/map/map_thumb/Fanling%20Town%20Centre.jpg
114.1625061,22.3152523000001,12,12,Olympian City 2,22.3152523,114.1625061,SemiQuick,Kowloon,Yau Tsim Mong,"Olympian City 2 Carpark, G/F 18 Hoi Ting Road, West Kowloon",CLP,"33,35",/EV/PublishingImages/common/map/map_thumb/Entrance_Olympian%20city%202.jpg
114.1739121,22.3381347700001,13,13,Festival Walk,22.33813477,114.1739121,Standard,Kowloon,Sham Shui Po,"Festival Walk Carpark, P1/F, 80 Tat Chee Avenue, Kowloon Tong, Kln",CLP,P15-P16,/EV/PublishingImages/common/map/map_thumb/Festival%20Walk.jpg
114.1565704,22.31941986,14,14,The Long Beach,22.31941986,114.1565704,SemiQuick,Kowloon,Yau Tsim Mong,"The Long Beach Carpark, L1/F  8 Hoi Fai Road, West Kowloon",CLP,107-108,/EV/PublishingImages/common/map/map_thumb/Entrance_long%20beach_large.jpg
114.2258759,22.3108863800001,15,15,Kwun Tong Plaza,22.31088638,114.2258759,Standard,Kowloon,Kwun Tong,"Kwun Tong Plaza Carpark, 6/F, 68 Hoi Yuen Road, Kwun Tong, Kln",CLP,6P10,/EV/PublishingImages/common/map/map_thumb/Entrance_Kwun%20Tong%20Plaza_large.jpg
113.9930191,22.3718738600001,16,16,Gold Coast Piazza,22.37187386,113.9930191,SemiQuick,New Territories,Tuen Mun,"Gold Coast Piazza Carpark, B/F,  1 Castle Peak Road, Castle Peak Bay, NT",CLP,189-190,/EV/PublishingImages/common/map/map_thumb/Entrance_Gold%20Coast%20Piazza.jpg
114.1679153,22.3010006000001,17,17,China Hong Kong City,22.3010006,114.1679153,Standard,Kowloon,Yau Tsim Mong,"China Hong Kong City Carpark, B/F 33 Canton Road, Tsim Sha Tsui, Kln",CLP,B111,/EV/PublishingImages/common/map/map_thumb/Entrance_China%20HK%20city_large.jpg
114.1113281,22.37521172,18,18,Chinachem Tsuen Wan Plaza,22.37521172,114.1113281,Standard,New Territories,Tsuen Wan,"Chinachem Tsuen Wan Plaza, 1/F 457 Castle Peak Road, Tsuen Wan, NT",CLP,C2,/EV/PublishingImages/common/map/map_thumb/Chinachem%20Tsuen%20Wan%20Plaza.jpg
114.209877,22.42625809,19,19,Hong Kong Science Park,22.42625809,114.209877,SemiQuick,New Territories,Shatin,"Hong Kong Science Park Carpark P2, B/F, 8-10 Science Park West Avenue, Shatin, N.T.",CLP,"D042 - D052, D106 - D112",/EV/PublishingImages/common/map/map_thumb/Entrance_HK%20Science%20Park_large.jpg
114.0018539,22.4493846900001,20,20,Tin Shing Court,22.44938469,114.0018539,Standard,New Territories,Yuen Long,"Tin Shing Court Carpark, 3/F, 3 Tin Ching Street, Tin Shui Wai,Yuen Long, N.T.",CLP,"3177-3186, 3189-3206",/EV/PublishingImages/common/map/map_thumb/Tin%20Shing%20Court.jpg
114.1900787,22.38211632,21,21,Shatin Centre,22.38211632,114.1900787,SemiQuick,New Territories,Shatin,"Shatin Centre Carpark, 2/F,  2-16 Wang Pok Street, Shatin, N.T.",CLP,73-75,/EV/PublishingImages/common/map/map_thumb/Shatin%20Centre.jpg
114.1728287,22.30062866,22,22,Mira Mall,22.30062866,114.1728287,SemiQuick,Kowloon,Yau Tsim Mong,"Mira Mall Carpark, B2/F 132 Nathan Road, Tsim Sha Tsui, Kln",CLP,2116-2119,/EV/PublishingImages/common/map/map_thumb/Miramar%20Shopping%20Centre.jpg
114.1687317,22.31742287,23,23,Langham Place,22.31742287,114.1687317,SemiQuick,Kowloon,Yau Tsim Mong,"Langham Place Carpark, B4/F,  8 Argyle Street, Mongkok, Kln",CLP,"22, 41, 64",/EV/PublishingImages/common/map/map_thumb/Entrance_Langham%20Place.jpg
113.943573,22.2911186200001,24,24,Citygate,22.29111862,113.943573,SemiQuick,Outlying Islands,Outlying Islands,"Citygate North Carpark, B1/F, 20 Tat Tung Road, Tung Chung, Lantau",CLP,"121, 122",/EV/PublishingImages/common/map/map_thumb/Entrance_Citygate.jpg
114.162056,22.3077507,25,25,CLP Centenary Building,22.3077507,114.162056,Quick,Kowloon,Yau Tsim Mong,"CLP Centenary Building, G/F, 1 To Wah Road, Jordan, Kowloon",CLP,null,/EV/PublishingImages/common/map/map_thumb/Entrance_CLP%20Centenary%20Building_large.jpg
114.2099152,22.42636108,26,26,Hong Kong Science Park,22.42636108,114.2099152,Quick,New Territories,Shatin,"Hong Kong Science Park Carpark P2, B/F, 8-10 Science Park West Avenue, Shatin, N.T.",CLP,D104,/EV/PublishingImages/common/map/map_thumb/Entrance_HK%20Science%20Park_large.jpg
113.9337692,22.3181991600001,27,27,Hong Kong International Airport,22.31819916,113.9337692,SemiQuick,Outlying Islands,Outlying Islands,"HK International Airport Carpark 4, 1/F, 11 Cheong Tat Road, Hong Kong International Airport, Chek Lap Kok",CLP,"1004 -1005, 1085-1086",/EV/PublishingImages/common/map/map_thumb/Entrance_HK%20International%20Airport.jpg
114.1495438,22.27047157,28,28,The Peak Galleria,22.27047157,114.1495438,Standard,Hong Kong Island,Central and Western,"The Peak Galleria Carpark, B1/F  118 Peak Road, The Peak, Hong Kong",Others,null,/EV/PublishingImages/common/map/map_thumb/The%20Peak%20Galleria%20Carpark%2002.jpg
114.1602554,22.2830810500001,29,29,Star Ferry,22.28308105,114.1602554,"Standard;SemiQuick",Hong Kong Island,Central and Western,"Star Ferry Carpark 1/F,9 Edinburgh Place, Central, Hong Kong",Others,null,/EV/PublishingImages/common/map/map_thumb/Star%20Ferry%20Carpark%2001.jpg
114.2180328,22.28658104,30,30,Cityplaza,22.28658104,114.2180328,Standard,Hong Kong Island,Eastern,"Cityplaza, Carpark B3  18 Taikoo Shing Road, Taikoo Shing, Hong Kong",Others,null,/EV/PublishingImages/common/map/map_thumb/Cityplaza.jpg
114.2268524,22.28037262,31,31,Oi Tung Estate,22.28037262,114.2268524,Standard,Hong Kong Island,Eastern,"Oi Tung Estate Carpark, 2/F,  Oi Tung Estate, Shau Kei Wan, Hong Kong",Others,null,/EV/PublishingImages/common/map/map_thumb/Oi%20Tung%20Estate.jpg
114.1916885,22.28302956,32,32,Tin Hau Carpark,22.28302956,114.1916885,Standard,Hong Kong Island,Eastern,"Tin Hau Carpark, 3/F,  Lau Sin Street &amp; Electric Road Junction, Tin Hau, Hong Kong",Others,null,/EV/PublishingImages/common/map/map_thumb/Tin%20Hau%20Carpark.jpg
114.1306,22.2624511700001,33,33,Cyberport,22.26245117,114.1306,Standard,Hong Kong Island,Southern,"Cyberport Car Park 1, 2/F Cyberport 2, 100 Cyberport Road, Hong Kong",Others,null,/EV/PublishingImages/common/map/map_thumb/Cyberport%20car%20park%201_001.jpg
114.1479874,22.24340439,34,34,HEC ex-Operational Headquarters,22.24340439,114.1479874,Quick,Hong Kong Island,Southern,"HEC ex-Operational Headquarters, G/F 2 Yi Nga Drive, Ap Lei Chau, Hong Kong",Others,null,/EV/PublishingImages/common/map/map_thumb/HK%20Electric%20ex-Operational%20Headquarters.jpg
114.1545868,22.2807254800001,35,35,The Centrium,22.28072548,114.1545868,Standard,Hong Kong Island,Central and Western,"The Centrium Carpark 8/F  60 Wyndham Street , Central HK",Others,null,/EV/PublishingImages/common/map/map_thumb/The%20Centrium.jpg
114.1609879,22.27882385,36,36,Citibank Plaza,22.27882385,114.1609879,Standard,Hong Kong Island,Central and Western,"Citibank Plaza Carpark B2 &amp; B3  Citibank Plaza Lcbc Tower , 3 Garden Road, Central, HK",Others,null,/EV/PublishingImages/common/map/map_thumb/Citibank%20Plaza.jpg
114.1568756,22.2803669,37,37,New World Tower,22.2803669,114.1568756,Standard,Hong Kong Island,Central and Western,"New World Tower Carpark 6/F 16-18 Queen&#39;s Rd Central, HK",Others,null,/EV/PublishingImages/common/map/map_thumb/New%20World%20Tower.jpg
114.1919022,22.28642273,38,38,148 Electric Road,22.28642273,114.1919022,Standard,Hong Kong Island,Eastern,"148 Electric Road Carpark 2/F 148 Electric Road , North Point, HK",Others,null,/EV/PublishingImages/common/map/map_thumb/148%20Electric%20Road.jpg
114.2430878,22.26771355,39,39,Cornell Centre,22.26771355,114.2430878,Standard,Hong Kong Island,Eastern,"Cornell Centre Carpark 1/F 50 Wing Tai Road ,Chai Wan, HK",Others,null,/EV/PublishingImages/common/map/map_thumb/Cornell%20Centre.jpg
114.2511215,22.2654590600001,40,40,Island Resort,22.26545906,114.2511215,Standard,Hong Kong Island,Eastern,"Island Resort Carpark 1/F ,  28 Siu Sai Wan Road, Chai Wan, HK",Others,null,/EV/PublishingImages/common/map/map_thumb/Island%20Resort.jpg
114.1752701,22.2808494600001,41,41,Great Eagle Centre,22.28084946,114.1752701,Standard,Hong Kong Island,Wan Chai,"Great Eagle Centre Carpark 4/F,  23-25 Harbour Road, Wan Chai, HK",Others,null,/EV/PublishingImages/common/map/map_thumb/Great%20Eagle%20Centre.jpg
114.171257,22.2742805500001,42,42,Hopewell Centr,22.27428055,114.171257,"Standard;SemiQuick",Hong Kong Island,Wan Chai,"Hopewell Centre Carpark 11/F,  183 Queen&#39;s Rd E, Wan Chai, HK",Others,null,/EV/PublishingImages/common/map/map_thumb/Hopewell%20Centre.jpg
114.1874161,22.2740020800001,43,43,Olympic House,22.27400208,114.1874161,Standard,Hong Kong Island,Wan Chai,"Olympic House Carpark G/F 1 Stadium Path, Happy Valley, HK",Others,null,/EV/PublishingImages/common/map/map_thumb/Olympic%20House.jpg
114.1825943,22.2816143000001,44,44,Sino Plaza,22.2816143,114.1825943,Standard,Hong Kong Island,Wan Chai,"Sino Plaza Carpark B2/F 255-257 Gloucester Road, Causerway Bay, HK",Others,null,/EV/PublishingImages/common/map/map_thumb/Sino%20Plaza.jpg
114.1817627,22.2779121400001,45,45,Times Square,22.27791214,114.1817627,Standard,Hong Kong Island,Wan Chai,"Times Square Carpark B5 &amp;B6 1 Matheson St, Causeway Bay, HK",Others,null,/EV/PublishingImages/common/map/map_thumb/Times%20Square.jpg
114.1727371,22.27438927,46,46,Wu Chung House,22.27438927,114.1727371,Standard,Hong Kong Island,Wan Chai,"Wu Chung House Carpark 5/F 213 Queen&#39;s Rd E, Wan Chai, HK",Others,null,/EV/PublishingImages/common/map/map_thumb/Wu%20Chung%20House.jpg
114.1893005,22.3116893800001,47,47,Sunshine Plaza,22.31168938,114.1893005,Standard,Kowloon,Kowloon City,"Sunshine Plaza Carpark Level 2/F 17 Sung On Street , Hung Hom, Kln",Others,null,/EV/PublishingImages/common/map/map_thumb/Sunshine%20Plaza.jpg
114.2097321,22.3208255800001,48,48,Exchange Tower,22.32082558,114.2097321,Standard,Kowloon,Kwun Tong,"Exchange Tower Carpark Level B2 33 Wang Chiu Road , Kowloon Bay, Kln",Others,null,/EV/PublishingImages/common/map/map_thumb/Exchange%20Tower.jpg
114.2193832,22.3134193400001,49,49,Fullerton Centre,22.31341934,114.2193832,Standard,Kowloon,Kwun Tong,"Fullerton Centre Carpark G/F, 19 Hung To Road, Kwun Tong, Kln",Others,null,/EV/PublishingImages/common/map/map_thumb/Fullerton%20Centre.jpg
114.2243118,22.3117294300001,50,50,Futura Plaza,22.31172943,114.2243118,Standard,Kowloon,Kwun Tong,"Futura Plaza Carpark Level 1, 111-113 How Ming Street, Kwun Tong, Kln",Others,null,/EV/PublishingImages/common/map/map_thumb/Futura%20Plaza.jpg
114.2045212,22.3230495500001,51,51,"Kowloon Bay International Trade &amp; Exhibition Centre",22.32304955,114.2045212,Standard,Kowloon,Kwun Tong,"Kowloon Bay International Trade &amp; Exhibition Centre,  Carpark Level B2, 1 Trademart Drive, Kowloon Bay, Kln",Others,null,/EV/PublishingImages/common/map/map_thumb/Hong%20Kong%20International%20Trade%20and%20Exhibition%20Centre.jpg
114.2212448,22.30915833,52,52,Kwun Tong Harbour Plaza,22.30915833,114.2212448,Standard,Kowloon,Kwun Tong,"Kwun Tong Harbour Plaza Carpark Level 6, 182 Wai Yip Street, Kwun Tong, Kln",Others,null,/EV/PublishingImages/common/map/map_thumb/Kwun%20Tong%20Harbour%20Plaza.jpg
114.2102356,22.32448387,53,53,Metro Centre,22.32448387,114.2102356,Standard,Kowloon,Kwun Tong,"Metro Centre Carpark G/F,  32 Lam Hing Street, Kowloon Bay Kln",Others,null,/EV/PublishingImages/common/map/map_thumb/Metro%20Centre.jpg
114.2109528,22.32467461,54,54,Metro Centre II,22.32467461,114.2109528,Standard,Kowloon,Kwun Tong,"Metro Centre II Carpark G/F,  21 Lam Hing Street, Kowloon Bay, Kln",Others,null,/EV/PublishingImages/common/map/map_thumb/Metro%20Centre%20II.jpg
114.2198029,22.3130493200001,55,55,Remington Centre,22.31304932,114.2198029,Standard,Kowloon,Kwun Tong,"Remington Centre G/F Carpark,  23 Hung To Road, Kwun Tong, Kln",Others,null,/EV/PublishingImages/common/map/map_thumb/Regentville%20Shopping%20Mall.jpg
114.2053604,22.32602501,56,56,Skyline Tower,22.32602501,114.2053604,Standard,Kowloon,Kwun Tong,"Skyline Tower Carpark Level 2,  39 Wang Kwong Road, Kowloon Bay, Kln",Others,null,/EV/PublishingImages/common/map/map_thumb/Skyline%20Tower.jpg
114.2195206,22.3130893700001,57,57,Westin Centre,22.31308937,114.2195206,Standard,Kowloon,Kwun Tong,"Westin Centre Carpark 1/F,  26 Hung To Road, Kwun Tong, Kln",Others,null,/EV/PublishingImages/common/map/map_thumb/Westin%20Centre.jpg
114.2031021,22.34069443,58,58,Hollywood Plaza,22.34069443,114.2031021,Standard,Kowloon,Wong Tai Sin,"Hollywood Plaza Carpark B1,  3 Lung Poon Street, Diamond Hill, Kln",Others,null,/EV/PublishingImages/common/map/map_thumb/Hollywood%20Plaza.jpg
114.1784287,22.2986316700001,59,59,Empire Centre,22.29863167,114.1784287,Standard,Kowloon,Yau Tsim Mong,"Empire Centre Carpark B/F,  68 Mody Road, Tsim Sha Tsui, Kln",Others,null,/EV/PublishingImages/common/map/map_thumb/Empire%20Centre.jpg
114.173317,22.2971534700001,60,60,K11 Art Mall,22.29715347,114.173317,Standard,Kowloon,Yau Tsim Mong,"K11 Art Mall Carpark B4,  18 Hanoi Road, Tsim Sha Tsui, Kln",Others,null,/EV/PublishingImages/common/map/map_thumb/K11%20Art%20Mall.jpg
114.157608,22.32005882,61,61,Olympian City I,22.32005882,114.157608,Standard,Kowloon,Yau Tsim Mong,"Olympian City I Carpark UG,  11 Hoi Fai Road, West Kowloon, Kln",Others,null,/EV/PublishingImages/common/map/map_thumb/Olympian%20City%20I.jpg
114.1424484,22.48747826,62,62,Avon Park,22.48747826,114.1424484,Standard,New Territories,North,"Avon Park, Carpark B1/F,  15 Yat Ming Road, Fanling, N.T.",Others,null,/EV/PublishingImages/common/map/map_thumb/Avon%20Park.jpg
114.1223602,22.5064926100001,63,63,Cambridge Plaza,22.50649261,114.1223602,Standard,New Territories,North,"Cambridge Plaza Carpark G/F,  188 San Wan Road, Sheung Shui, NT",Others,null,/EV/PublishingImages/common/map/map_thumb/Cambridge%20Plaza.jpg
114.1446533,22.5003337900001,64,64,Grand Regentville,22.50033379,114.1446533,Standard,New Territories,North,"Grand Regentville Carpark B2,  9 Wo Mun Street, Fanling, N.T.",Others,null,/EV/PublishingImages/common/map/map_thumb/Grand%20Regentville.jpg
114.1438599,22.5012283300001,65,65,Regentville Shopping Mall,22.50122833,114.1438599,Standard,New Territories,North,"Regentville Shopping Mall Carpark B1/F,   8 Wo Mun Street, Fanling, NT",Others,null,/EV/PublishingImages/common/map/map_thumb/Regentville%20Shopping%20Mall.jpg
114.2075043,22.3893356300001,66,66,Corporation Park,22.38933563,114.2075043,Standard,New Territories,Shatin,"Corporation Park Carpark G/F,  11 On Lai Street, Shatin, NT",Others,null,/EV/PublishingImages/common/map/map_thumb/Corporation%20Park.jpg
114.1930924,22.3972835500001,67,67,Shatin Galleria,22.39728355,114.1930924,Standard,New Territories,Shatin,"Shatin Galleria Carpark 4/F,  18-24 Shan Mei Street, Fo Tan, NT",Others,null,/EV/PublishingImages/common/map/map_thumb/Shatin%20Galleria.jpg
114.1129684,22.37609482,68,68,Discovery Park Shopping Mall,22.37609482,114.1129684,Standard,New Territories,Tsuen Wan,"Discovery Park Shopping Mall Carpark Level 4,  398 Castle Park Road, Tsuen Wan, NT",Others,null,/EV/PublishingImages/common/map/map_thumb/Discovery%20Park%20Shopping%20Mall.jpg
114.1208954,22.3691139200001,69,69,Panda Place,22.36911392,114.1208954,Standard,New Territories,Tsuen Wan,"Panda Place Carpark 4/F,  3 Tuen Wah Street, Tsuen Wan, NT",Others,null,/EV/PublishingImages/common/map/map_thumb/Panda%20Place.jpg
114.1144028,22.3629608200001,70,70,Riviera Plaza,22.36296082,114.1144028,Standard,New Territories,Tsuen Wan,"Riviera Plaza Carpark B1,  28 Wing Shun Street,Tsuen Wan, NT",Others,null,/EV/PublishingImages/common/map/map_thumb/Riviera%20Plaza.jpg
114.1145706,22.36330414,71,71,Waterside Plaza,22.36330414,114.1145706,Standard,New Territories,Tsuen Wan,"Waterside Plaza Carpark 1/F,  38 Wing Shun Street,Tsuen Wan, NT",Others,null,/EV/PublishingImages/common/map/map_thumb/Waterside%20Plaza.jpg
113.9716187,22.3839397400001,72,72,Oceania Heights,22.38393974,113.9716187,Standard,New Territories,Tuen Mun,"Oceania Heights Carpark Level 1,  2 Hoi Chu Rd. ,Tuen Mun, NT",Others,null,/EV/PublishingImages/common/map/map_thumb/Oceania%20Heights.jpg
113.9694443,22.39612961,73,73,Parklane Centre,22.39612961,113.9694443,Standard,New Territories,Tuen Mun,"Parklane Centre Carpark G/F,  25 Kin Wing St., Tuen Mun, NT",Others,null,/EV/PublishingImages/common/map/map_thumb/Parklane%20Centre.jpg
113.9764328,22.3938217200001,74,74,Tuen Mun Town Plaza II,22.39382172,113.9764328,Standard,New Territories,Tuen Mun,"Tuen Mun Town Plaza II Carpark G/F,  3 Tuen Lung St., Tuen Mun, NT",Others,null,/EV/PublishingImages/common/map/map_thumb/Tuen%20Mun%20Town%20Plaza%20II.jpg
113.9774857,22.3943252600001,75,75,Tuen Mun Town Plaza III,22.39432526,113.9774857,Standard,New Territories,Tuen Mun,"Tuen Mun Town Plaza III Carpark B2/F,  2 Tuen Yan St., Tuen Mun, NT",Others,null,/EV/PublishingImages/common/map/map_thumb/Tuen%20Mun%20Town%20Plaza%20III.jpg
114.0312271,22.44520378,76,76,Golden Plaza,22.44520378,114.0312271,Standard,New Territories,Yuen Long,"Golden Plaza Carpark 3/F,  28 Shui Che Kwun St., Yuen Long, NT",Others,null,/EV/PublishingImages/common/map/map_thumb/Golden%20Plaza.jpg
114.0220261,22.44681168,77,77,Ping Wui Centre,22.44681168,114.0220261,Standard,New Territories,Yuen Long,"Ping Wui Centre Carpark 1/F,  13 Ping Wui St., Yuen Long, NT",Others,null,/EV/PublishingImages/common/map/map_thumb/Ping%20Wui%20Centre.jpg
114.0214539,22.4404621100001,78,78,Springdale Villas,22.44046211,114.0214539,Standard,New Territories,Yuen Long,"Springdale Villas Carpark 2/F,  80 Ma Tin Road, Yuen Long, NT",Others,null,/EV/PublishingImages/common/map/map_thumb/Springdale%20Villas.jpg
114.127182,22.50141144,79,79,Choi Yuen Plaza,22.50141144,114.127182,Quick,New Territories,North,"Choi Yuen Plaza Carpark 3, G/F,  Choi Yuen Estate,Sheung Shui ,N.T.",CLP,6,/EV/PublishingImages/common/map/map_thumb/Entrance_Choi%20Yuen%20Plaza.jpg
114.2353668,22.2659244500001,80,80,Trend Centre,22.26592445,114.2353668,Standard,Hong Kong Island,Eastern,"Trend Centre Carpark 1/F, 29-31 Cheung Lee St, Chai Wan, Hong Kong",Others,null,/EV/PublishingImages/common/map/Trend%20Centre.jpg
114.2163086,22.3251075700001,81,81,Amoy Plaza,22.32510757,114.2163086,Standard,Kowloon,Kwun Tong,"Amoy Plaza Carpark 1/F, 77 Ngau Tau Kok Road, Kowloon Bay, Kowloon",Others,null,/EV/PublishingImages/common/map/Amoy%20Plaza.jpg
114.1501923,22.33894157,82,82,Excel Centre,22.33894157,114.1501923,Standard,Kowloon,Sham Shui Po,"Excel Centre Carpark G/F, 483A Castle Peak Road, Cheung Sha Wan, Kowloon",Others,null,/EV/PublishingImages/common/map/Excel%20Centre.jpg
114.126442,22.50029182,83,83,Choi Yuen Plaza,22.50029182,114.126442,SemiQuick,New Territories,North,"Choi Yuen Plaza Carpark 3, G/F,  Choi Yuen Estate, Sheung Shui ,N.T.",CLP,7-Oct,/EV/PublishingImages/common/map/map_thumb/Entrance_Choi%20Yuen%20Plaza.jpg
114.1026306,22.36264801,84,84,Cheung Fat Plaza,22.36264801,114.1026306,SemiQuick,New Territories,Kwai Tsing,"Cheung Fat Plaza Carpark 2/F, Cheung Fat Estate, Tsing Yi, N.T.",CLP,2094 - 2096,/EV/PublishingImages/common/map/map_thumb/Entrance_Cheung%20Fat%20Plaza.jpg
114.2374649,22.2985076900001,85,85,Yau Lai Shopping Centre,22.29850769,114.2374649,SemiQuick,Kowloon,Kwun Tong,"Yau Lai Shopping Centre Carpark LG1/F, 9 Yau Tong Road, Yau Tong, Kowloon",CLP,"27-30, 34-35",/EV/PublishingImages/common/map/map_thumb/Entrance_Yau%20Lai%20Shopping%20Centre.jpg
114.2374649,22.2985076900001,86,86,Yau Lai Shopping Centre,22.29850769,114.2374649,Quick,Kowloon,Kwun Tong,"Yau Lai Shopping Centre Carpark LG1/F, 9 Yau Tong Road, Yau Tong, Kowloon",CLP,"31, 33",/EV/PublishingImages/common/map/map_thumb/Entrance_Yau%20Lai%20Shopping%20Centre.jpg
114.213768,22.3314209000001,87,87,Choi Tak Shopping Centre,22.3314209,114.213768,SemiQuick,Kowloon,Kwun Tong,"Choi Tak Shopping Centre Carpark 2/F,  Ngau Tau Kok, Kowloon",CLP,258-262,/EV/PublishingImages/common/map/map_thumb/Entrance_Choi%20Tak%20Shopping%20Centre.jpg
114.0220795,22.4468097700001,88,88,Shui Pin Wai Estate,22.44680977,114.0220795,Quick,New Territories,Yuen Long,"Shui Pin Wai Estate Carpark G/F,  Yuen Long, N.T.",CLP,7,/EV/PublishingImages/common/map/map_thumb/Entrance_Shui%20Pin%20Wai%20Estate.jpg
114.2103195,22.22004509,89,89,Stanley Plaza,22.22004509,114.2103195,Quick,Hong Kong Island,Southern,"Stanley Plaza Carpark 4/F, 23 Carmel Road, Stanley, Hong Kong",Others,null,/EV/PublishingImages/common/map/map_dummy_gov.jpg
114.1604309,22.2822742500001,90,90,Star Ferry,22.28227425,114.1604309,Quick,Hong Kong Island,Central and Western,"Star Ferry Carpark 4/F, 9 Edinburgh Place, Central, Hong Kong",Others,null,/EV/PublishingImages/common/map/map_thumb/Star%20Ferry%20Carpark%2001.jpg
113.933815,22.31824684,91,91,Hong Kong International Airport,22.31824684,113.933815,Quick,Outlying Islands,Outlying Islands,"HK International Airport Carpark 4, 1/F, 11 Cheong Tat Road, Hong Kong International Airport-station, Chek Lap Kok",CLP,"1002, 1087-1089",/EV/PublishingImages/common/map/map_thumb/Entrance_HK%20International%20Airport.jpg
114.1277084,22.3674316400001,92,92,Kwai Chung Shopping Centre,22.36743164,114.1277084,SemiQuick,New Territories,Kwai Tsing,"Kwai Chung Shopping Centre Carpark L2, Kwai Chung Estate, Kwai Chung, NT",CLP,"P115-P120, P168",/EV/PublishingImages/common/map/map_thumb/Entrance_Kwai%20Chung%20Estate.jpg
114.118721,22.3730106400001,93,93,Tsuen Wan Multi-storey Car Park,22.37301064,114.118721,"Standard;SemiQuick",New Territories,Tsuen Wan,"Tsuen Wan Multi-storey Car Park,  174-208 Castle Peak Road, Tsuen Wan",Others,null,null
114.1969681,22.33988571,94,94,Lions Rise Mall,22.33988571,114.1969681,"Standard;SemiQuick",Kowloon,Wong Tai Sin,"8 Muk Lun Street, Wong Tai Sin",Others,null,null
114.1969376,22.3441124,95,95,Sheung Fung Street Market,22.3441124,114.1969376,"Standard;SemiQuick",Kowloon,Wong Tai Sin,"Sheung Fung Street Market, Sheung Fung Street, Wong Tai Sin",Others,null,null
114.1993256,22.33503342,96,96,AIA Financial Centre,22.33503342,114.1993256,Standard,Kowloon,Wong Tai Sin,"712 Prince Edward Road East, Sun Po Kong",Others,null,null
114.1638336,22.27729607,97,97,Queensway Government Offices,22.27729607,114.1638336,"Standard;SemiQuick",Hong Kong Island,Central and Western,"Queensway Government Offices, 66 Queensway, Hong Kong",Others,null,null
114.1627274,22.28033257,98,98,Murray Road Multi-storey Car Park,22.28033257,114.1627274,"Standard;SemiQuick",Hong Kong Island,Central and Western,"Murray Road Multi-storey Car Park, 2 Murray Road, Central",Others,null,null
114.1585693,22.286026,99,99,Two International Finance Centre,22.286026,114.1585693,SemiQuick,Hong Kong Island,Central and Western,"Car Park B5, Two International Finance Centre, 8 Finance Street, Central",Others,null,null
114.1521378,22.2875309,100,100,Rumsey Street Multi-storey Car Park,22.2875309,114.1521378,"Standard;SemiQuick",Hong Kong Island,Central and Western,"Rumsey Street Multi-storey Car Park, 2 Rumsey Street, Sheung Wan",Others,null,null
114.1615982,22.2817783400001,101,101,City Hall Multi-storey Car Park,22.28177834,114.1615982,"Standard;SemiQuick",Hong Kong Island,Central and Western,"City Hall Multi-storey Car Park, 1 Edinburgh Place, Central",Others,null,null
114.1916885,22.28302956,102,102,Tin Hau Carpark,22.28302956,114.1916885,SemiQuick,Hong Kong Island,Eastern,"Tin Hau Carpark, 3/F, Lau Sin Street &amp; Electric Road Junction, Tin Hau, Hong Kong",Others,null,null
114.1382828,22.49533081,103,103,North District Government Offices,22.49533081,114.1382828,"Standard;SemiQuick",New Territories,North,"North District Government Offices, 3 Pik Fung Road, Fanling, N.T.",Others,null,null
114.2717896,22.38173676,104,104,Sai Kung Government Offices,22.38173676,114.2717896,"Standard;SemiQuick",New Territories,Sai Kung,"Sai Kung Government Offices, 34 Chan Man Street, Sai Kung, New Territories",Others,null,null
114.105545,22.3584804500001,105,105,Maritime Square,22.35848045,114.105545,Standard,New Territories,Kwai Tsing,"Maritime Square, 33 Tsing King Road, Tsing Yi",Others,null,null
114.2659607,22.3156375900001,106,106,East Point City,22.31563759,114.2659607,SemiQuick,New Territories,Sai Kung,"East Point City, 8 Chung Wa Road, Tseung Kwan O",Others,null,null
114.1727676,22.28049278,107,107,Wan Chai Tower and Immigration Tower,22.28049278,114.1727676,"Standard;SemiQuick",Hong Kong Island,Wan Chai,"12 Harbour Road, Wan Chai",Others,null,null
114.149971,22.3380947100001,108,108,Laws Commercial Plaza,22.33809471,114.149971,SemiQuick,Kowloon,Sham Shui Po,"788 Cheung Sha Wan Road, Cheung Sha Wan",Others,null,null
114.1970291,22.3341083500001,109,109,Mikiki,22.33410835,114.1970291,Standard,Kowloon,Wong Tai Sin,"638 Prince Edward Road Esat, San Po Kong",Others,null,null
114.2132034,22.32219124,110,110,"Telford Plaza Phase 1D, 33 Wai Yip Street, Kowloon Bay",22.32219124,114.2132034,Standard,Kowloon,Kwun Tong,"Telford Plaza Phase 1D, 33 Wai Yip Street, Kowloon Bay",Others,null,null
114.2402496,22.26483345,111,111,"Yue Wan Estate Carpark, Eastern District, Hong Kong",22.26483345,114.2402496,Quick,Hong Kong Island,Eastern,"1/F, Yue Wan Estate Carpark, Yee Fung Street, Chai Wan, Hong Kong",Others,84,null
114.2046204,22.3287239100001,112,112,Tak Long Estate,22.32872391,114.2046204,Quick,Kowloon,Kowloon City,"Tak Long Estate Carpark 1/F, Kai Tak Development Area",CLP,"40, 41",/EV/PublishingImages/tak%20long.JPG
114.2101822,22.29046822,113,113,Kerry Centre,22.29046822,114.2101822,Standard,Hong Kong Island,Eastern,"28 Hoi Chak Street, Quarry Bay",Others,null,null
114.2130203,22.28731155,114,114,Oxford House,22.28731155,114.2130203,Standard,Hong Kong Island,Eastern,"22 Westlands Road, Quarry Bay",Others,null,null
114.2122498,22.28741074,115,115,Dorset House,22.28741074,114.2122498,Standard,Hong Kong Island,Eastern,"41 Tong Chong Street, Quarry Bay",Others,null,null
114.2130585,22.28627014,116,116,One Island East,22.28627014,114.2130585,Standard,Hong Kong Island,Eastern,"18 Westlands Road, Quarry Bay",Others,null,null
114.2119598,22.30749702,117,117,Kai Tak Cruise Terminal,22.30749702,114.2119598,Standard,Kowloon,Kowloon City,"33 Shing Fung Road, Kai Tak",Others,null,null
114.1810989,22.3025379200001,118,118,Hung Hom Station Car Park,22.30253792,114.1810989,Standard,Kowloon,Kowloon City,"On Wan Road, Hung Hom",Others,null,null
114.203804,22.3321514100001,119,119,Kai Ching Estate,22.33215141,114.203804,Standard,Kowloon,Kowloon City,"Muk Hung Street, Kowloon City",Others,null,null
114.157753,22.28457451,120,120,One International Finance Centre,22.28457451,114.157753,SemiQuick,Hong Kong Island,Central and Western,1 Harbour View Street,Others,null,null
113.9769211,22.38173676,121,121,Hanford Plaza,22.38173676,113.9769211,Standard,New Territories,Tuen Mun,"6 Sam Shing Street, Tuen Mum",Others,null,null
113.9643631,22.3808631900001,122,122,Sun Tuen Mun Shopping Centre,22.38086319,113.9643631,Standard,New Territories,Tuen Mun,"Tuen Tsing Lane, Lung Mun Road, Tuen Mun",Others,null,null
114.2170029,22.28412819,123,123,Kornhill Plaza (south),22.28412819,114.2170029,Standard,Hong Kong Island,Eastern,"18 Hong On Street, Quarry Bay",Others,null,null
114.2080994,22.2919883700001,124,124,North Point Government Offices,22.29198837,114.2080994,"Standard;SemiQuick",Hong Kong Island,Eastern,"333 Java Road, North Point",Others,null,null
114.2294998,22.2789058700001,125,125,Shau Kei Wan Multi-storey Car Park,22.27890587,114.2294998,"Standard;SemiQuick",Hong Kong Island,Eastern,"16 Mong Lung Street, Shau Kei Wan",Others,null,null
114.1604919,22.3320446000001,126,126,Cheung Sha Wan Government Offices,22.3320446,114.1604919,"Standard;SemiQuick",Kowloon,Sham Shui Po,303 Cheung Sha Wan Road,Others,null,null
114.1707001,22.30928421,127,127,Yau Ma Tei Car Park,22.30928421,114.1707001,"Standard;SemiQuick",Kowloon,Yau Tsim Mong,"58 Temple Street, Yau Ma Tei",Others,null,null
114.1872482,22.38591957,128,128,Sha Tin Government Offices,22.38591957,114.1872482,"Standard;SemiQuick",New Territories,Shatin,"1 Sheung Wo Che Road, Shatin",Others,null,null
114.1903534,22.30451393,129,129,Whampoa Plaza,22.30451393,114.1903534,Standard,Kowloon,Kowloon City,"7 Tak On Street, Hung Hom",Others,null,null
114.1863098,22.30759239,130,130,Ka Wai Chuen,22.30759239,114.1863098,Standard,Kowloon,Kowloon City,"10 Station Lane, Ma Tau Wai Road, Hung Hom",Others,null,null
114.219635,22.31311226,131,131,Remington Centre,22.31311226,114.219635,Standard,Kowloon,Kwun Tong,"23 Hung To Road, Kwun Tong",Others,null,null
114.1713257,22.28045654,132,132,Shui On Centre,22.28045654,114.1713257,SemiQuick,Hong Kong Island,Wan Chai,"8 Harbour Road, Wan Chai",Others,null,null
114.1922302,22.28814888,133,133,AIA Tower,22.28814888,114.1922302,Standard,Hong Kong Island,Eastern,"28 Wang On Road, Causeway Bay",Others,null,null
114.2391129,22.27808952,134,134,Paradise Mall (West),22.27808952,114.2391129,Standard,Hong Kong Island,Eastern,"100 Sing Tai Road, Chai Wan",Others,null,null
114.194046,22.27835846,135,135,Lai Tak Tsuen,22.27835846,114.194046,Standard,Hong Kong Island,Eastern,"16 Lai Tak Tsuen Road, Tai Hang",Others,null,null
114.1711044,22.37626076,136,136,Mei Tin Estate,22.37626076,114.1711044,Standard,New Territories,Shatin,"Heung Fan Liu Street, Tai Wai",Others,null,null
114.2331162,22.42637825,137,137,Ma On Shan Centre,22.42637825,114.2331162,Standard,New Territories,Shatin,"1 On Chun Street, Ma On Shan",Others,null,null
114.1870956,22.3800792700001,138,138,New Town Plaza III,22.38007927,114.1870956,Standard,New Territories,Shatin,"9 Shatin Centre Street, Shatin",Others,null,null
114.1888046,22.38219452,139,139,New Town Plaza I,22.38219452,114.1888046,Standard,New Territories,Shatin,"18 Shatin Centre Street, Shatin",Others,null,null
114.2009583,22.4001503000001,140,140,Plaza Ascot,22.4001503,114.2009583,Standard,New Territories,Shatin,"11 Lok King Street, Fo Tan",Others,null,null
114.1895218,22.38379288,141,141,Shatin Plaza,22.38379288,114.1895218,Standard,New Territories,Shatin,"21 Shatin Centre Street, Shatin",Others,null,null
114.2298584,22.42550278,142,142,The Tolo Place,22.42550278,114.2298584,Standard,New Territories,Shatin,"1 On Chun Street, Ma On Shan",Others,null,null
114.2311173,22.42353439,143,143,Sunshine City Phase IV,22.42353439,114.2311173,Standard,New Territories,Shatin,"18 On Luk Street, Ma On Shan",Others,null,null
114.2317276,22.42288971,144,144,Sunshine City Phase III,22.42288971,114.2317276,Standard,New Territories,Shatin,"8 On Shing Street, Ma On Shan",Others,null,null
114.1934586,22.39685059,145,145,Shatin Galleria,22.39685059,114.1934586,Standard,New Territories,Shatin,"13 Shan Mei Street, Fo Tan",Others,null,null
114.1304627,22.5005378700001,146,146,Sheung Shui Centre,22.50053787,114.1304627,Standard,New Territories,North,"3 Chi Cheong Road, Sheung Shui",Others,null,null
114.2616348,22.30943871,147,147,Tseung Kwan O Plaza,22.30943871,114.2616348,Standard,New Territories,Sai Kung,"1 Tong Tak Street, Tseung Kwan O",Others,null,null
114.2615585,22.3094062800001,148,148,PopCorn 2,22.30940628,114.2615585,Standard,New Territories,Sai Kung,"1 Tong Tak Street, Tseung Kwan O",Others,null,null
114.2587357,22.3083725000001,149,149,PopCorn 1,22.3083725,114.2587357,Standard,New Territories,Sai Kung,"9 Tong Tak Street, Tseung Kwan O",Others,null,null
114.2653122,22.31421089,150,150,Maritime Bay,22.31421089,114.2653122,Standard,New Territories,Sai Kung,"2 Man Kuk Lane, Pui Shing Road, Tseung Kwan O",Others,null,null
114.1218491,22.37229347,151,151,Luk Yeung Sun Chuen,22.37229347,114.1218491,Standard,New Territories,Tsuen Wan,"22 Wai Tsuen Road, Tsuen Wan",Others,null,null
114.1080093,22.3743495900001,152,152,International Trade Centre,22.37434959,114.1080093,Standard,New Territories,Tsuen Wan,"15 Sha Tsui Road, Tsuen Wan",Others,null,null
114.1184006,22.37162399,153,153,Town Square,22.37162399,114.1184006,Standard,New Territories,Tsuen Wan,"51 Shiu Wo Street, Tsuen Wan",Others,null,null
114.1178818,22.37058067,154,154,City Landmark,22.37058067,114.1178818,Standard,New Territories,Tsuen Wan,"18 Tak Hoi Street, Tsuen Wan",Others,null,null
114.1768875,22.2974681900001,155,155,Kowloon Shangri-la Hotel,22.29746819,114.1768875,Standard,Kowloon,Yau Tsim Mong,"64 Mody Road, Tsim Sha Tsui",Others,null,null
114.1735077,22.31679153,156,156,Wealth Commerical Centre,22.31679153,114.1735077,Standard,Kowloon,Yau Tsim Mong,"48 Kwong Wa Street, Mong Kok",Others,null,null
114.1712723,22.31546211,157,157,Park-In Commercial Centre,22.31546211,114.1712723,Standard,Kowloon,Yau Tsim Mong,"56 Dundas Street, Yau Ma Tei",Others,null,null
114.1599731,22.3040962200001,158,158,Elements (South),22.30409622,114.1599731,Standard,Kowloon,Yau Tsim Mong,"Nga Cheung Road, Tsim Sha Tsui",Others,null,null
114.1611557,22.30669785,159,159,Elements (North),22.30669785,114.1611557,Standard,Kowloon,Yau Tsim Mong,"Nga Cheung Road, Tsim Sha Tsui",Others,null,null
114.1691589,22.30246735,160,160,Hong Kong Scout Centre,22.30246735,114.1691589,Standard,Kowloon,Yau Tsim Mong,"10 Scout Path, Austin Road, Tsim Sha Tsui",Others,null,null
114.1485748,22.3331871,161,161,Aqua Marine (JUSCO Car Park),22.3331871,114.1485748,Standard,Kowloon,Sham Shui Po,"8 Sham Shing Road, Lai Chi Kok",Others,null,null
114.1425247,22.33430481,162,162,Manhattan Hill,22.33430481,114.1425247,Standard,Kowloon,Sham Shui Po,"1 Po Lun Street, Lai Chi Kok",Others,null,null
114.1491776,22.33830071,163,163,Kowloon Plaza,22.33830071,114.1491776,Standard,Kowloon,Sham Shui Po,"1008 Tai Nan West Street, Cheung Sha Wan",Others,null,null
114.1494293,22.3399715400001,164,164,Dragon Centre,22.33997154,114.1494293,Standard,Kowloon,Sham Shui Po,"104-110 King Lam Street, Cheung Sha Wan",Others,null,null
114.1493225,22.3393592800001,165,165,CEO Tower,22.33935928,114.1493225,Standard,Kowloon,Sham Shui Po,"77-79 Wing Hong Street, Cheung Sha Wan",Others,null,null
114.2173233,22.3176631900001,166,166,Garden Estate  (Lotus Tower),22.31766319,114.2173233,Standard,Kowloon,Kwun Tong,"On Shin Road, Ngau Tau Kok, Kwun Tong",Others,null,null
114.2156448,22.3207054100001,167,167,Lower Ngau Tau Kok Estate,22.32070541,114.2156448,Standard,Kowloon,Kwun Tong,"183 Ngau Tau Kok Road, Kwun Tong",Others,null,null
114.2395096,22.29694176,168,168,Domain,22.29694176,114.2395096,Standard,Kowloon,Kwun Tong,"80 Lei Yue Mun Road, Yau Tong",Others,null,null
114.212265,22.31557846,169,169,Octa Tower,22.31557846,114.212265,Standard,Kowloon,Kwun Tong,"3 Kai Hing Road, Kowloon Bay",Others,null,null
114.2221832,22.3128681200001,170,170,Everest Industrial Centre,22.31286812,114.2221832,Standard,Kowloon,Kwun Tong,"85 How Ming Street, Kwun Tong",Others,null,null
114.2250214,22.3106975600001,171,171,Camelpaint Building,22.31069756,114.2250214,Standard,Kowloon,Kwun Tong,"62 Hoi Yuen Road, Kwun Tong",Others,null,null
114.2082443,22.3226890600001,172,172,Proficient Industrial Centre,22.32268906,114.2082443,Standard,Kowloon,Kwun Tong,"6 Wang Kwun Road, Kowloon Bay",Others,null,null
114.212532,22.31584167,173,173,Pacific Trade Centre,22.31584167,114.212532,Standard,Kowloon,Kwun Tong,"1 Kai Hing Road, Kowloon Bay",Others,null,null
114.2129746,22.32100487,174,174,Telford Plaza II,22.32100487,114.2129746,Standard,Kowloon,Kwun Tong,"33 Wai Yip Street, Kwun Tong",Others,null,null
114.1737518,22.28259659,175,175,Convention Plaza (Expo Drive Central Road) Carpark,22.28259659,114.1737518,Standard,Hong Kong Island,Wan Chai,"Expo Drive Central, Wan Chai",Others,null,null
114.175293,22.28068352,176,176,Convention Plaza (Harbour Road) Carpark,22.28068352,114.175293,Standard,Hong Kong Island,Wan Chai,"25 Harbour Road, Wan Chai",Others,null,null
114.2132034,22.32219124,177,177,Telford Plaza Phase 1,22.32219124,114.2132034,Standard,Kowloon,Kwun Tong,"Telford Plaza Phase 1D, 33 Wai Yip Street, Kowloon Bay",Others,null,null
114.2580338,22.3104114500001,178,178,Sheung Tak Plaza,22.31041145,114.2580338,Quick,New Territories,Sai Kung,"Carpark B, Sheung Tak Plaza  2 Tong Ming Street,   Tseung Kwan O, New Territories",CLP,"B010 &amp; B011",/EV/PublishingImages/sheung%20tak.JPG
114.1139069,22.36882782,179,179,Nina Tower,22.36882782,114.1139069,Quick,New Territories,Tsuen Wan,"Nina Tower Carpark, UB/F, 8 Yueng Uk Road, Tsuen Wan",CLP,5-Jun,/EV/PublishingImages/common/map/Entrance_Nina%20Tower.jpg
113.9767838,22.3935165400001,180,180,Tuen Mun Town Plaza I,22.39351654,113.9767838,Quick,New Territories,Tuen Mun,"Tuen Mun Town Plaza Carpark, 4/F   Tuen Mun Town Plaza Ph1, 1 Tuen Shun St, Tuen Mun, NT",CLP,4153-4154,/EV/PublishingImages/EVQC%20-%20Tuen%20Mun.JPG
114.1685028,22.4442234000001,181,181,Uptown Plaza,22.4442234,114.1685028,Quick,New Territories,Tai Po,"Uptown Plaza Carpark, 2/F, Uptown Plaza, Tai Po",CLP,R101,/EV/PublishingImages/EVQC%20-%20Uptown%20Plaza.JPG
114.0019531,22.44948387,182,182,Tin Shing Court,22.44948387,114.0019531,SemiQuick,New Territories,Yuen Long,"Tin Shing Court Carpark, 3/F, 3 Tin Ching Street, Tin Shui Wai,Yuen Long, N.T.",CLP,3183-3186,/EV/PublishingImages/common/map/map_thumb/Tin%20Shing%20Court.jpg
114.1693268,22.32264328,183,183,Pioneer Centre,22.32264328,114.1693268,SemiQuick,Kowloon,Yau Tsim Mong,"Pioneer Centre Car Park, 750 Nathan Road, Mong Kok, Kowloon",Others,null,/EV/PublishingImages/Station%20Photos/Pioneer%20Centre.PNG
114.1696777,22.27879906,184,184,Asia Orient Tower,22.27879906,114.1696777,SemiQuick,Hong Kong Island,Wan Chai,"52 Jaffe Rd, Wan Chai",Others,Tesla only,null
113.9339066,22.2982826200001,185,185,Cathay Pacific City,22.29828262,113.9339066,SemiQuick,Outlying Islands,Outlying Islands,"8 Scenic Rd, Chek Lap Kok",Others,null,null
114.2102737,22.33424187,186,186,Choi Hung Park-and-Ride Public Car Park,22.33424187,114.2102737,SemiQuick,Kowloon,Wong Tai Sin,"2/F-8/F, No.8 Clear Water Bay Road",Others,null,null
114.2270813,22.42206764,187,187,Chung On Shopping Centre,22.42206764,114.2270813,Quick,New Territories,Shatin,"Sai Sha Rd, Ma On Shan",Others,BYD only,null
114.1663361,22.30958557,188,188,Coronation Circle,22.30958557,114.1663361,Standard,Kowloon,Yau Tsim Mong,"1 Yau Cheung Rd, Yau Ma Tei",Others,null,null
114.2046814,22.3258056600001,189,189,Electrical and Mechanical Services Department Headquarters,22.32580566,114.2046814,SemiQuick,Kowloon,Kwun Tong,"3 Kai Shing Street, Kowloon Bay",Others,For permitted visitor only.,null
114.1748352,22.4543685900001,190,190,Fu Shin Shopping Centre,22.45436859,114.1748352,Quick,New Territories,Tai Po,"12 On Po Rd, Tai Po",Others,BYD only,null
113.9831238,22.41277313,191,191,Fu Tai Shopping Centre,22.41277313,113.9831238,Quick,New Territories,Tuen Mun,"9 Tuen Kwai Rd, Fu Tei, Tuen Mun",Others,BYD only,null
114.1874237,22.3859787000001,192,192,Grand Central Plaza,22.3859787,114.1874237,Standard,New Territories,Shatin,"138 Shatin Rural Committee Road &amp; Pai Tau St, Sha Tin",Others,null,null
114.2362061,22.26282883,193,193,Hing Wah Plaza,22.26282883,114.2362061,Quick,Hong Kong Island,Eastern,"11 Wan Tsui Rd, Chai Wan",Others,BYD only,null
113.9435654,22.31929016,194,194,Hong Kong SkyCity Marriott Hotel,22.31929016,113.9435654,SemiQuick,Outlying Islands,Outlying Islands,"1 Sky City Rd E, Chek Lap Kok",Others,Tesla only,null
114.0034332,22.46815681,195,195,Hong Kong Wetland Park,22.46815681,114.0034332,SemiQuick,New Territories,Yuen Long,"Wetland Park Rd, Tin Shui Wai",Others,null,null
114.1786423,22.30083084,196,196,Hotel Icon,22.30083084,114.1786423,SemiQuick,Kowloon,Yau Tsim Mong,"17 Science Museum Road, Tsim Sha Tsui",Others,Tesla only,null
114.1745911,22.29768944,197,197,Hotel Panorama by Rhombus,22.29768944,114.1745911,SemiQuick,Kowloon,Yau Tsim Mong,"8A Hart Ave, Tsim Sha Tsui",Others,Tesla only,null
114.178215,22.2990284000001,198,198,InterContinental Grand Stanford Hong Kong,22.2990284,114.178215,SemiQuick,Kowloon,Yau Tsim Mong,"70 Mody Rd, Tsim Sha Tsui",Others,Tesla only,null
114.1604157,22.3038120300001,199,199,International Commerce Centre,22.30381203,114.1604157,SemiQuick,Kowloon,Yau Tsim Mong,"1 Austin Rd W, West Kowloon",Others,null,null
114.1291733,22.26173019,200,200,Le Meridien Cyberport,22.26173019,114.1291733,SemiQuick,Hong Kong Island,Southern,"100 Cyberport Rd, Hong Kong",Others,Tesla only,null
114.1849136,22.27820396,201,201,Lee Garden 1,22.27820396,114.1849136,SemiQuick,Hong Kong Island,Wan Chai,"33 Hysan Ave, Causeway Bay",Others,null,null
114.1860657,22.2782363900001,202,202,Lee Garden 2,22.27823639,114.1860657,SemiQuick,Hong Kong Island,Wan Chai,"2-38 Yun Ping Rd, Causeway Bay",Others,null,null
114.1860657,22.2782363900001,203,203,Lee Garden 2,22.27823639,114.1860657,Quick,Hong Kong Island,Wan Chai,"2-38 Yun Ping Rd, Causeway Bay",Others,Tesla only,null
114.1831513,22.27802467,204,204,Leighton Centre,22.27802467,114.1831513,SemiQuick,Hong Kong Island,Wan Chai,"77 Leighton Rd, Causeway Bay",Others,null,null
114.2192307,22.3140125300001,205,205,"L&#39;hotel elan",22.31401253,114.2192307,SemiQuick,Kowloon,Kwun Tong,"38 Chong Yip Street, Ngau Tau Kok",Others,Tesla only,null
114.1680298,22.2500248000001,206,206,L'hotel Island South,22.2500248,114.1680298,SemiQuick,Hong Kong Island,Southern,"55 Wong Chuk Hang Rd, Aberdeen",Others,Tesla only,null
114.1969681,22.33988571,207,207,Lions Rise,22.33988571,114.1969681,SemiQuick,Kowloon,Wong Tai Sin,"8 Muk Lun Street, Wong Tai Sin",Others,null,null
114.1643677,22.3212547300001,208,208,Lodgewood,22.32125473,114.1643677,SemiQuick,Kowloon,Yau Tsim Mong,"1131 Canton Rd, Mong Kok",Others,Tesla only,null
114.1789475,22.27977371,209,209,Mira Moon Hotel,22.27977371,114.1789475,SemiQuick,Hong Kong Island,Wan Chai,"388 Jaffe Road, Causeway Bay",Others,Tesla only,null
114.1743698,22.2483463300001,210,210,Ocean Park Hong Kong,22.24834633,114.1743698,SemiQuick,Hong Kong Island,Southern,"Ocean Park Road, Wong Chuk Hang",Others,null,null
114.1778259,22.3136730200001,211,211,Oi Man Plaza,22.31367302,114.1778259,Quick,Kowloon,Kowloon City,"60 Chung Hau Street, Ho Man Tin",Others,BYD only,null
114.1653061,22.3170890800001,212,212,Olympian City 3,22.31708908,114.1653061,Standard,Kowloon,Yau Tsim Mong,"1 Hoi Wang Rd, Tai Kok Tsui",Others,null,null
114.1667709,22.24874687,213,213,One Island South,22.24874687,114.1667709,Standard,Hong Kong Island,Southern,"2 Heung Yip Rd, Wong Chuk Hang",Others,null,null
114.105423,22.37254524,214,214,One Midtown,22.37254524,114.105423,Standard,New Territories,Tsuen Wan,"11 Hoi Shing Rd, Tsuen Wan",Others,null,null
114.1665955,22.2778816200001,215,215,One Pacific Place,22.27788162,114.1665955,Quick,Hong Kong Island,Central and Western,"88 Queensway, Admiralty",Others,null,null
114.1693115,22.29585838,216,216,One Peking,22.29585838,114.1693115,SemiQuick,Kowloon,Yau Tsim Mong,"1 Peking Rd, Tsim Sha Tsui",Others,null,null
113.9345017,22.31940079,217,217,Regal Airport Hotel,22.31940079,113.9345017,SemiQuick,Outlying Islands,Outlying Islands,"9 Cheong Tat Rd, Chek Lap Kok",Others,Tesla only,null
114.1867371,22.27890968,218,218,Regal Hong Kong Hotel,22.27890968,114.1867371,SemiQuick,Hong Kong Island,Wan Chai,"88 Yee Wo Street, Causeway Bay",Others,Tesla only,null
114.1775513,22.2989234900001,219,219,Regal Kowloon Hotel,22.29892349,114.1775513,SemiQuick,Kowloon,Yau Tsim Mong,"71 Mody Rd, Tsim Sha Tsui",Others,Tesla only,null
114.192749,22.3301620500001,220,220,Regal Oriental Hotel,22.33016205,114.192749,SemiQuick,Kowloon,Kowloon City,"30 Sa Po Road, Kowloon City",Others,Tesla only,null
114.196907,22.38222885,221,221,Regal Riverside Hotel,22.38222885,114.196907,SemiQuick,New Territories,Shatin,"34-36 Tai Chung Kiu Road, Shatin",Others,Tesla only,null
114.1773377,22.2986564600001,222,222,Royal Garden Hotel,22.29865646,114.1773377,SemiQuick,Kowloon,Yau Tsim Mong,"69 Mody Rd, Tsim Sha Tsui",Others,Tesla only,null
114.1888351,22.37955666,223,223,Royal Park Hotel,22.37955666,114.1888351,SemiQuick,New Territories,Shatin,"8 Pak Hok Ting Street, Shatin",Others,Tesla only,null
114.1731796,22.3247966800001,224,224,Royal Plaza Hotel,22.32479668,114.1731796,SemiQuick,Kowloon,Yau Tsim Mong,"193 Prince Edward Road West, Kowloon",Others,Tesla only,null
114.0781326,22.3691787700001,225,225,Royal View Hotel,22.36917877,114.0781326,SemiQuick,New Territories,Tsuen Wan,"353 Castle Peak Road, Ting Kau, Tsuen Wan",Others,Tesla only,null
114.1765823,22.28011703,226,226,Sun Hung Kai Centre,22.28011703,114.1765823,SemiQuick,Hong Kong Island,Wan Chai,"Harbour Rd, Wan Chai",Others,Tesla only,null
114.0255966,22.41354942,227,227,Tai Tong Lychee Garden,22.41354942,114.0255966,Quick,New Territories,Yuen Long,"Tai Tong Shan Rd, Yuen Long",Others,null,null
114.1978912,22.2359619100001,228,228,The Pulse,22.23596191,114.1978912,"SemiQuick;Quick",Hong Kong Island,Southern,"28 Beach Rd, Repulse Bay",Others,null,null
114.2609253,22.3084621400001,229,229,The Wings 2,22.30846214,114.2609253,SemiQuick,New Territories,Sai Kung,"12 Tong Chun Street, Tseung Kwan O",Others,null,null
113.9718475,22.3958740200001,230,230,V City,22.39587402,113.9718475,SemiQuick,New Territories,Tuen Mun,"83 Heung Sze Wui Road, Tuen Mun",Others,null,null
114.1602478,22.30467796,231,231,W Hong Kong,22.30467796,114.1602478,SemiQuick,Kowloon,Yau Tsim Mong,"1 Austin Road West, Kowloon Station, West Kowloon",Others,Tesla only,null
114.036911,22.44268227,232,232,Yoho Mall Phase I,22.44268227,114.036911,Quick,New Territories,Yuen Long,"9 Yuen Lung Street, Yuen Long",Others,null,null
114.0336304,22.4456615400001,233,233,Yoho Mall Phase II,22.44566154,114.0336304,Quick,New Territories,Yuen Long,"8 Long Yat Road, Yuen Long",Others,null,null
114.2061462,22.39035034,234,234,Heung Yee Kuk Building,22.39035034,114.2061462,Quick,New Territories,Shatin,"30 On Muk Street, Shek Mun, Shatin, N.T.",CLP,"16, 17",/EV/PublishingImages/Station%20Photos/Heung%20Yee%20Kuk.jpg
114.2332687,22.42426491,235,235,Sunshine City Phase 4,22.42426491,114.2332687,Quick,New Territories,Shatin,"26 On Shing Street, Ma On Shan, N.T.",CLP,"268, 269, 283, 284",/EV/PublishingImages/Station%20Photos/Sunshine%20City.jpg
114.2767029,22.38476372,236,236,Jockey Club Kau Sai Chau Golf Course Public Car Park,22.38476372,114.2767029,Quick,New Territories,Sai Kung,"Jockey Club Kau Sai Chau Golf Course Public Car Park, G/F, 18 Wai Man Road, Sai Kung",CLP,1-Mar,/EV/PublishingImages/Station%20Photos/Kau%20Sai%20Chau.JPG
114.1432571,22.48666573,237,237,Wah Sum Car Park,22.48666573,114.1432571,Quick,New Territories,North,"Wah Sum Shopping Centre, 18 Yat Ming Road, Fanling, New Territories",CLP,3-May,/EV/PublishingImages/Station%20Photos/Wah%20Sum.JPG
114.1044617,22.3608036000001,238,238,Cheung On Estate,22.3608036,114.1044617,Quick,New Territories,Kwai Tsing,"L1/F, Cheung On Estate Carpark, 1 Tam Kon Shan Road, Nga Ying Chau, Tsing Yi, N.T.",CLP,"P119, P120",/EV/PublishingImages/Station%20Photos/Cheung%20On.jpg
114.1693268,22.2956142400001,239,239,Ocean Terminal,22.29561424,114.1693268,Quick,Kowloon,Yau Tsim Mong,"Ocean Terminal Carpark (Harbour City), 4/F 3-27 Canton Rd, Tsimshatsui, Kln",CLP,"1248-1249, 1349",/EV/PublishingImages/common/map/map_thumb/Entrance_Ocean%20Terminal_large.jpg
